USE `main`;

INSERT IGNORE INTO `users` (`id`, `login`, `email`) VALUES
    (1, 'alice', 'alice@example.com'),
    (2, 'bob', 'bob@example.com'),
    (3, 'charlie', 'charlie@example.com');

INSERT IGNORE INTO `blog` (`id`, `name`, `description`, `owner_id`) VALUES
    (1, 'Alice''s Blog', 'Блог Алисы о технологиях', 1),
    (2, 'Bob''s Blog', 'Блог Боба о путешествиях', 2);

INSERT IGNORE INTO `post` (`id`, `header`, `text`, `author_id`, `blog_id`) VALUES
    (1, 'Python Tips', 'Полезные советы по Python', 1, 1),
    (2, 'Travel Guide', 'Гайд по путешествиям', 2, 2),
    (3, 'SQLAlchemy Basics', 'Основы SQLAlchemy', 1, 1);

INSERT IGNORE INTO `comment` (`id`, `text`, `author_id`, `post_id`) VALUES
    (1, 'Отличная статья!', 2, 1),
    (2, 'Спасибо, очень полезно', 2, 1),
    (3, 'Жду продолжения', 2, 3),
    (4, 'Круто!', 3, 1),
    (5, 'Хочу в путешествие', 3, 2),
    (6, 'Интересно', 3, 2),
    (7, 'Полезно для новичков', 3, 3),
    (8, 'Классный гайд!', 1, 2);

USE `logs`;

INSERT IGNORE INTO `space_type` (`id`, `name`) VALUES
    (1, 'global'),
    (2, 'blog'),
    (3, 'post');

INSERT IGNORE INTO `event_type` (`id`, `name`) VALUES
    (1, 'login'),
    (2, 'comment'),
    (3, 'create_post'),
    (4, 'delete_post'),
    (5, 'logout');

INSERT IGNORE INTO `logs` (`id`, `datetime`, `user_id`, `space_type_id`, `event_type_id`, `entity_id`) VALUES
    (1, '2025-01-15 09:00:00', 1, 1, 1, 0),
    (2, '2025-01-15 10:00:00', 1, 2, 3, 1),
    (3, '2025-01-15 11:00:00', 1, 3, 2, 2),
    (4, '2025-01-15 18:00:00', 1, 1, 5, 0),
    (5, '2025-01-15 08:00:00', 2, 1, 1, 0),
    (6, '2025-01-15 12:00:00', 2, 3, 2, 1),
    (7, '2025-01-15 13:00:00', 2, 3, 2, 1),
    (8, '2025-01-15 20:00:00', 2, 1, 5, 0),
    (9, '2025-01-15 14:00:00', 3, 1, 1, 0),
    (10, '2025-01-15 15:00:00', 3, 3, 2, 1),
    (11, '2025-01-15 19:00:00', 3, 1, 5, 0),
    (12, '2025-01-16 09:00:00', 1, 1, 1, 0),
    (13, '2025-01-16 10:00:00', 1, 2, 3, 1),
    (14, '2025-01-16 17:00:00', 1, 1, 5, 0),
    (15, '2025-01-16 10:00:00', 2, 1, 1, 0),
    (16, '2025-01-16 11:00:00', 2, 3, 2, 3),
    (17, '2025-01-16 12:00:00', 2, 2, 3, 2),
    (18, '2025-01-16 13:00:00', 2, 2, 4, 2),
    (19, '2025-01-16 21:00:00', 2, 1, 5, 0),
    (20, '2025-01-16 08:00:00', 3, 1, 1, 0),
    (21, '2025-01-16 09:00:00', 3, 1, 1, 0),
    (22, '2025-01-16 10:00:00', 3, 3, 2, 1),
    (23, '2025-01-16 11:00:00', 3, 3, 2, 2),
    (24, '2025-01-16 12:00:00', 3, 3, 2, 3),
    (25, '2025-01-16 22:00:00', 3, 1, 5, 0);
